"HITId","HITTypeId","Title","Description","Keywords","Reward","CreationTime","MaxAssignments","RequesterAnnotation","AssignmentDurationInSeconds","AutoApprovalDelayInSeconds","Expiration","NumberOfSimilarHITs","LifetimeInSeconds","AssignmentId","WorkerId","AssignmentStatus","AcceptTime","SubmitTime","AutoApprovalTime","ApprovalTime","RejectionTime","RequesterFeedback","WorkTimeInSeconds","LifetimeApprovalRate","Last30DaysApprovalRate","Last7DaysApprovalRate","Input.r1","Input.s1","Input.r2","Input.s2","Input.r3","Input.s3","Input.r4","Input.s4","Input.r5","Input.s5","Input.r6","Input.s6","Input.r7","Input.s7","Input.r8","Input.s8","Input.r9","Input.s9","Input.r10","Input.s10","Answer.d1","Answer.d10","Answer.d2","Answer.d3","Answer.d4","Answer.d5","Answer.d6","Answer.d7","Answer.d8","Answer.d9","Approve","Reject"
"39HYCOOPKOCSBWRCQMQUORDJSTCDMU","3H5KS3F36Q3FY5U4V08JTUCL83TZYQ","Indicate whether a given sentence expresses a given relation.","Given a sentence taken from a Wikipedia article, tell us whether or not that sentence expresses relation between the person the article is about and some other entity.","survey, relation extraction, Wikipedia","$0.15","Sun May 05 15:29:14 PDT 2019","3","BatchId:3631670;OriginalHitTemplateId:920937340;","1200","345600","Wed May 08 15:29:14 PDT 2019","","","32SVAV9L3G0WENEJQXZFQBST0XB3AK","A3H2F6RU26B01N","Submitted","Sun May 05 15:30:15 PDT 2019","Sun May 05 15:34:06 PDT 2019","Thu May 09 15:34:06 PDT 2019","","","","231","0% (0/0)","0% (0/0)","0% (0/0)","(Gale W. McGee; hypernym; Senator)","Gale William McGee (March 17, 1915 – April 9, 1992) was a United States Senator of the Democratic Party, and United States Ambassador to the Organization of American States (OAS).","(Shashank Manohar; spouse; Varsha Manohar)","[52] Shashank Manohar married Varsha Oka in 1979.","(Gale W. McGee; hypernym; Senator)","[25][26]In 1965, Senator McGee began calling for a mandated August recess for Congress.","(Shashank Manohar; birthDate; September 29, 1957)","Shashank Vyankatesh Manohar (/ʃəˈʃɑːŋk məˈnoʊhər/; Marathi: शशांक व्यंकटेश मनोहर; born 29 September 1957)[2] is a prominent[3] Indian lawyer and cricket administrator.","(Johnathon Schaech; hypernym; Actor)","[9] Taking the role of a British military man, Schaech was in the independent feature Woundings in 1998,[10] for which he won Best Supporting Actor at the 2001 New York International Independent Film & Video Festival.","(Amanda Peet; birthPlace; New York)","[52]Peet married screenwriter David Benioff on September 30, 2006, in New York City.","(Patti LuPone; birthPlace; United States)","[25] The production premiered at The Acting Company's summer residence at Chautauqua Institution, toured the United States including an engagement at the Highland Park, Illinois' Ravinia Festival in 1984 and played in London's West End.When the run ended, LuPone remained in London to create the role of Fantine in Cameron Mackintosh’s original London production of Les Misérables, in 1985, which premiered at the Barbican Theatre, at that time the London home of the Royal Shakespeare Company.","(Patti LuPone; hypernym; Actress)","""[23] Despite the trouble, LuPone won her first Tony Award for Best Actress in a Musical.","(Shirley McKague; spouse; Paul McKague)","[2] McKague and her husband Paul have six children.Before entering politics, McKague was a:[2]McKague previously worked as:[2]McKague is member of:[2]McKague was first elected in District 14B in 1996 with 13,717 votes (67.3%) against Democrat Glida Bothwell.","(Amanda Peet; spouse; David Benioff)","[58] To avoid any confusion, Peet's three children use the last name of Friedman,[57] which is husband David Benioff's given last name—he uses his mother's maiden name as his professional name.","yes","yes","yes","yes","yes","yes","no","no","yes","yes"
"39HYCOOPKOCSBWRCQMQUORDJSTCDMU","3H5KS3F36Q3FY5U4V08JTUCL83TZYQ","Indicate whether a given sentence expresses a given relation.","Given a sentence taken from a Wikipedia article, tell us whether or not that sentence expresses relation between the person the article is about and some other entity.","survey, relation extraction, Wikipedia","$0.15","Sun May 05 15:29:14 PDT 2019","3","BatchId:3631670;OriginalHitTemplateId:920937340;","1200","345600","Wed May 08 15:29:14 PDT 2019","","","3DUZQ9U6SNFKQS2WR7RCU6EIDNBSV2","A2VA0NCPWJ8XZG","Submitted","Sun May 05 15:36:09 PDT 2019","Sun May 05 15:37:03 PDT 2019","Thu May 09 15:37:03 PDT 2019","","","","54","0% (0/0)","0% (0/0)","0% (0/0)","(Gale W. McGee; hypernym; Senator)","Gale William McGee (March 17, 1915 – April 9, 1992) was a United States Senator of the Democratic Party, and United States Ambassador to the Organization of American States (OAS).","(Shashank Manohar; spouse; Varsha Manohar)","[52] Shashank Manohar married Varsha Oka in 1979.","(Gale W. McGee; hypernym; Senator)","[25][26]In 1965, Senator McGee began calling for a mandated August recess for Congress.","(Shashank Manohar; birthDate; September 29, 1957)","Shashank Vyankatesh Manohar (/ʃəˈʃɑːŋk məˈnoʊhər/; Marathi: शशांक व्यंकटेश मनोहर; born 29 September 1957)[2] is a prominent[3] Indian lawyer and cricket administrator.","(Johnathon Schaech; hypernym; Actor)","[9] Taking the role of a British military man, Schaech was in the independent feature Woundings in 1998,[10] for which he won Best Supporting Actor at the 2001 New York International Independent Film & Video Festival.","(Amanda Peet; birthPlace; New York)","[52]Peet married screenwriter David Benioff on September 30, 2006, in New York City.","(Patti LuPone; birthPlace; United States)","[25] The production premiered at The Acting Company's summer residence at Chautauqua Institution, toured the United States including an engagement at the Highland Park, Illinois' Ravinia Festival in 1984 and played in London's West End.When the run ended, LuPone remained in London to create the role of Fantine in Cameron Mackintosh’s original London production of Les Misérables, in 1985, which premiered at the Barbican Theatre, at that time the London home of the Royal Shakespeare Company.","(Patti LuPone; hypernym; Actress)","""[23] Despite the trouble, LuPone won her first Tony Award for Best Actress in a Musical.","(Shirley McKague; spouse; Paul McKague)","[2] McKague and her husband Paul have six children.Before entering politics, McKague was a:[2]McKague previously worked as:[2]McKague is member of:[2]McKague was first elected in District 14B in 1996 with 13,717 votes (67.3%) against Democrat Glida Bothwell.","(Amanda Peet; spouse; David Benioff)","[58] To avoid any confusion, Peet's three children use the last name of Friedman,[57] which is husband David Benioff's given last name—he uses his mother's maiden name as his professional name.","yes","yes","yes","yes","yes","yes","no","no","yes",""
"39HYCOOPKOCSBWRCQMQUORDJSTCDMU","3H5KS3F36Q3FY5U4V08JTUCL83TZYQ","Indicate whether a given sentence expresses a given relation.","Given a sentence taken from a Wikipedia article, tell us whether or not that sentence expresses relation between the person the article is about and some other entity.","survey, relation extraction, Wikipedia","$0.15","Sun May 05 15:29:14 PDT 2019","3","BatchId:3631670;OriginalHitTemplateId:920937340;","1200","345600","Wed May 08 15:29:14 PDT 2019","","","3KRVW3HTZOC1058NDFQL7AV5MUYSMK","A1DUPOUC9RNU4L","Submitted","Sun May 05 15:30:05 PDT 2019","Sun May 05 15:32:57 PDT 2019","Thu May 09 15:32:57 PDT 2019","","","","172","88% (83/94)","42% (8/19)","75% (3/4)","(Gale W. McGee; hypernym; Senator)","Gale William McGee (March 17, 1915 – April 9, 1992) was a United States Senator of the Democratic Party, and United States Ambassador to the Organization of American States (OAS).","(Shashank Manohar; spouse; Varsha Manohar)","[52] Shashank Manohar married Varsha Oka in 1979.","(Gale W. McGee; hypernym; Senator)","[25][26]In 1965, Senator McGee began calling for a mandated August recess for Congress.","(Shashank Manohar; birthDate; September 29, 1957)","Shashank Vyankatesh Manohar (/ʃəˈʃɑːŋk məˈnoʊhər/; Marathi: शशांक व्यंकटेश मनोहर; born 29 September 1957)[2] is a prominent[3] Indian lawyer and cricket administrator.","(Johnathon Schaech; hypernym; Actor)","[9] Taking the role of a British military man, Schaech was in the independent feature Woundings in 1998,[10] for which he won Best Supporting Actor at the 2001 New York International Independent Film & Video Festival.","(Amanda Peet; birthPlace; New York)","[52]Peet married screenwriter David Benioff on September 30, 2006, in New York City.","(Patti LuPone; birthPlace; United States)","[25] The production premiered at The Acting Company's summer residence at Chautauqua Institution, toured the United States including an engagement at the Highland Park, Illinois' Ravinia Festival in 1984 and played in London's West End.When the run ended, LuPone remained in London to create the role of Fantine in Cameron Mackintosh’s original London production of Les Misérables, in 1985, which premiered at the Barbican Theatre, at that time the London home of the Royal Shakespeare Company.","(Patti LuPone; hypernym; Actress)","""[23] Despite the trouble, LuPone won her first Tony Award for Best Actress in a Musical.","(Shirley McKague; spouse; Paul McKague)","[2] McKague and her husband Paul have six children.Before entering politics, McKague was a:[2]McKague previously worked as:[2]McKague is member of:[2]McKague was first elected in District 14B in 1996 with 13,717 votes (67.3%) against Democrat Glida Bothwell.","(Amanda Peet; spouse; David Benioff)","[58] To avoid any confusion, Peet's three children use the last name of Friedman,[57] which is husband David Benioff's given last name—he uses his mother's maiden name as his professional name.","yes","yes","yes","yes","yes","yes","no","no","yes","yes"
"385MDVINFC61JULI4KIS0NANVFMWJH","3H5KS3F36Q3FY5U4V08JTUCL83TZYQ","Indicate whether a given sentence expresses a given relation.","Given a sentence taken from a Wikipedia article, tell us whether or not that sentence expresses relation between the person the article is about and some other entity.","survey, relation extraction, Wikipedia","$0.15","Sun May 05 15:29:14 PDT 2019","3","BatchId:3631670;OriginalHitTemplateId:920937340;","1200","345600","Wed May 08 15:29:14 PDT 2019","","","3D3VGR7TA16OD400S8L1L1H30103RT","AJ1VMW9NT7287","Submitted","Sun May 05 15:38:50 PDT 2019","Sun May 05 15:40:51 PDT 2019","Thu May 09 15:40:51 PDT 2019","","","","121","0% (0/1)","0% (0/0)","0% (0/0)","(Gale W. McGee; hypernym; Senator)","Gale William McGee (March 17, 1915 – April 9, 1992) was a United States Senator of the Democratic Party, and United States Ambassador to the Organization of American States (OAS).","(Shashank Manohar; spouse; Varsha Manohar)","[52] Shashank Manohar married Varsha Oka in 1979.","(Gale W. McGee; hypernym; Senator)","[25][26]In 1965, Senator McGee began calling for a mandated August recess for Congress.","(Shashank Manohar; birthDate; September 29, 1957)","Shashank Vyankatesh Manohar (/ʃəˈʃɑːŋk məˈnoʊhər/; Marathi: शशांक व्यंकटेश मनोहर; born 29 September 1957)[2] is a prominent[3] Indian lawyer and cricket administrator.","(Johnathon Schaech; hypernym; Actor)","[9] Taking the role of a British military man, Schaech was in the independent feature Woundings in 1998,[10] for which he won Best Supporting Actor at the 2001 New York International Independent Film & Video Festival.","(Amanda Peet; birthPlace; New York)","[52]Peet married screenwriter David Benioff on September 30, 2006, in New York City.","(Patti LuPone; birthPlace; United States)","[25] The production premiered at The Acting Company's summer residence at Chautauqua Institution, toured the United States including an engagement at the Highland Park, Illinois' Ravinia Festival in 1984 and played in London's West End.When the run ended, LuPone remained in London to create the role of Fantine in Cameron Mackintosh’s original London production of Les Misérables, in 1985, which premiered at the Barbican Theatre, at that time the London home of the Royal Shakespeare Company.","(Patti LuPone; hypernym; Actress)","""[23] Despite the trouble, LuPone won her first Tony Award for Best Actress in a Musical.","(Shirley McKague; spouse; Paul McKague)","[2] McKague and her husband Paul have six children.Before entering politics, McKague was a:[2]McKague previously worked as:[2]McKague is member of:[2]McKague was first elected in District 14B in 1996 with 13,717 votes (67.3%) against Democrat Glida Bothwell.","(Amanda Peet; spouse; David Benioff)","[58] To avoid any confusion, Peet's three children use the last name of Friedman,[57] which is husband David Benioff's given last name—he uses his mother's maiden name as his professional name.","yes","yes","yes","yes","yes","yes","no","no","yes","yes"
"385MDVINFC61JULI4KIS0NANVFMWJH","3H5KS3F36Q3FY5U4V08JTUCL83TZYQ","Indicate whether a given sentence expresses a given relation.","Given a sentence taken from a Wikipedia article, tell us whether or not that sentence expresses relation between the person the article is about and some other entity.","survey, relation extraction, Wikipedia","$0.15","Sun May 05 15:29:14 PDT 2019","3","BatchId:3631670;OriginalHitTemplateId:920937340;","1200","345600","Wed May 08 15:29:14 PDT 2019","","","3M0NZ3JDP2P0TA9VG837M1HMNE95ZD","A2VA0NCPWJ8XZG","Submitted","Sun May 05 15:30:29 PDT 2019","Sun May 05 15:31:27 PDT 2019","Thu May 09 15:31:27 PDT 2019","","","","58","0% (0/0)","0% (0/0)","0% (0/0)","(Gale W. McGee; hypernym; Senator)","Gale William McGee (March 17, 1915 – April 9, 1992) was a United States Senator of the Democratic Party, and United States Ambassador to the Organization of American States (OAS).","(Shashank Manohar; spouse; Varsha Manohar)","[52] Shashank Manohar married Varsha Oka in 1979.","(Gale W. McGee; hypernym; Senator)","[25][26]In 1965, Senator McGee began calling for a mandated August recess for Congress.","(Shashank Manohar; birthDate; September 29, 1957)","Shashank Vyankatesh Manohar (/ʃəˈʃɑːŋk məˈnoʊhər/; Marathi: शशांक व्यंकटेश मनोहर; born 29 September 1957)[2] is a prominent[3] Indian lawyer and cricket administrator.","(Johnathon Schaech; hypernym; Actor)","[9] Taking the role of a British military man, Schaech was in the independent feature Woundings in 1998,[10] for which he won Best Supporting Actor at the 2001 New York International Independent Film & Video Festival.","(Amanda Peet; birthPlace; New York)","[52]Peet married screenwriter David Benioff on September 30, 2006, in New York City.","(Patti LuPone; birthPlace; United States)","[25] The production premiered at The Acting Company's summer residence at Chautauqua Institution, toured the United States including an engagement at the Highland Park, Illinois' Ravinia Festival in 1984 and played in London's West End.When the run ended, LuPone remained in London to create the role of Fantine in Cameron Mackintosh’s original London production of Les Misérables, in 1985, which premiered at the Barbican Theatre, at that time the London home of the Royal Shakespeare Company.","(Patti LuPone; hypernym; Actress)","""[23] Despite the trouble, LuPone won her first Tony Award for Best Actress in a Musical.","(Shirley McKague; spouse; Paul McKague)","[2] McKague and her husband Paul have six children.Before entering politics, McKague was a:[2]McKague previously worked as:[2]McKague is member of:[2]McKague was first elected in District 14B in 1996 with 13,717 votes (67.3%) against Democrat Glida Bothwell.","(Amanda Peet; spouse; David Benioff)","[58] To avoid any confusion, Peet's three children use the last name of Friedman,[57] which is husband David Benioff's given last name—he uses his mother's maiden name as his professional name.","yes","yes","no","yes","yes","yes","no","no","yes","yes"
"385MDVINFC61JULI4KIS0NANVFMWJH","3H5KS3F36Q3FY5U4V08JTUCL83TZYQ","Indicate whether a given sentence expresses a given relation.","Given a sentence taken from a Wikipedia article, tell us whether or not that sentence expresses relation between the person the article is about and some other entity.","survey, relation extraction, Wikipedia","$0.15","Sun May 05 15:29:14 PDT 2019","3","BatchId:3631670;OriginalHitTemplateId:920937340;","1200","345600","Wed May 08 15:29:14 PDT 2019","","","3UNH76FOCTWYWRKWCLIAPWJ63FWMYU","A3MBRQO3XAVTIV","Submitted","Sun May 05 15:40:10 PDT 2019","Sun May 05 15:41:23 PDT 2019","Thu May 09 15:41:23 PDT 2019","","","","73","0% (0/0)","0% (0/0)","0% (0/0)","(Gale W. McGee; hypernym; Senator)","Gale William McGee (March 17, 1915 – April 9, 1992) was a United States Senator of the Democratic Party, and United States Ambassador to the Organization of American States (OAS).","(Shashank Manohar; spouse; Varsha Manohar)","[52] Shashank Manohar married Varsha Oka in 1979.","(Gale W. McGee; hypernym; Senator)","[25][26]In 1965, Senator McGee began calling for a mandated August recess for Congress.","(Shashank Manohar; birthDate; September 29, 1957)","Shashank Vyankatesh Manohar (/ʃəˈʃɑːŋk məˈnoʊhər/; Marathi: शशांक व्यंकटेश मनोहर; born 29 September 1957)[2] is a prominent[3] Indian lawyer and cricket administrator.","(Johnathon Schaech; hypernym; Actor)","[9] Taking the role of a British military man, Schaech was in the independent feature Woundings in 1998,[10] for which he won Best Supporting Actor at the 2001 New York International Independent Film & Video Festival.","(Amanda Peet; birthPlace; New York)","[52]Peet married screenwriter David Benioff on September 30, 2006, in New York City.","(Patti LuPone; birthPlace; United States)","[25] The production premiered at The Acting Company's summer residence at Chautauqua Institution, toured the United States including an engagement at the Highland Park, Illinois' Ravinia Festival in 1984 and played in London's West End.When the run ended, LuPone remained in London to create the role of Fantine in Cameron Mackintosh’s original London production of Les Misérables, in 1985, which premiered at the Barbican Theatre, at that time the London home of the Royal Shakespeare Company.","(Patti LuPone; hypernym; Actress)","""[23] Despite the trouble, LuPone won her first Tony Award for Best Actress in a Musical.","(Shirley McKague; spouse; Paul McKague)","[2] McKague and her husband Paul have six children.Before entering politics, McKague was a:[2]McKague previously worked as:[2]McKague is member of:[2]McKague was first elected in District 14B in 1996 with 13,717 votes (67.3%) against Democrat Glida Bothwell.","(Amanda Peet; spouse; David Benioff)","[58] To avoid any confusion, Peet's three children use the last name of Friedman,[57] which is husband David Benioff's given last name—he uses his mother's maiden name as his professional name.","yes","yes","no","yes","yes","yes","no","no","yes","yes"
"3D4BBDG7ZHNHKIDOK8Q48MMV72J3C4","3H5KS3F36Q3FY5U4V08JTUCL83TZYQ","Indicate whether a given sentence expresses a given relation.","Given a sentence taken from a Wikipedia article, tell us whether or not that sentence expresses relation between the person the article is about and some other entity.","survey, relation extraction, Wikipedia","$0.15","Sun May 05 15:29:14 PDT 2019","3","BatchId:3631670;OriginalHitTemplateId:920937340;","1200","345600","Wed May 08 15:29:14 PDT 2019","","","31UV0MXWNR3EYKKLG4FLM6EWR185IH","A1DUPOUC9RNU4L","Submitted","Sun May 05 15:37:37 PDT 2019","Sun May 05 15:40:21 PDT 2019","Thu May 09 15:40:21 PDT 2019","","","","164","88% (83/94)","42% (8/19)","75% (3/4)","(Shashank Manohar; birthPlace; Maharashtra)","VR Manohar a leading Supreme Court lawyer, not only served as the Advocate General during Pawar's stint as Maharashtra chief minister, he has also appeared for the NCP leader in his personal court cases in the 1990s.","(Alexis Denisof; spouse; Alyson Hannigan)","He also had a recurring role on How I Met Your Mother on which his wife, Alyson Hannigan, starred.Denisof was born in Salisbury, Maryland,[1] the son of Dr. Christiana Taylor and Gerald Denisof.","(S. D. Shibulal; spouse; Kumari Shibulal)","Shibulal, along with wife Kumari, daughter Shruti and son Shreyas, holds nearly 2.2% of Infosys shares, which has a market capitalisation of around $30 billion.","(Johnathon Schaech; spouse; Jana Kramer)","[37]In December 2009, Schaech became engaged to the singer/actress Jana Kramer, whom he began dating in 2008.","(Johnathon Schaech; hypernym; Actor)","[5]Schaech appeared in How to Make an American Quilt,[5] which received a nomination for the Screen Actors Guild Award for Outstanding Performance by a Cast in a Motion Picture.","(Elizabeth Taylor; hypernym; Actress)","[1]:166–177 Although the film failed to become the type of success MGM had planned,[29] Taylor was nominated for the first time for an Academy Award for Best Actress for her performance.","(Shirley McKague; birthDate; June 12, 1935)","Shirley J. McKague (born June 12, 1935) was a Republican Idaho State Senator, representing the 20th District from 2007 to 2012.","(Princess Milica of Montenegro; hypernym; Princess)","Princess Milica Petrović-Njegoš of Montenegro, also known as Grand Duchess Militza Nikolaevna of Russia, (14 July 1866 in Cetinje, Montenegro – 5 September 1951 in Alexandria, Egypt) was a Montenegrin princess.","(Christine Belford; spouse; Nicholas Pryor)","[citation needed]Belford has been married to actor Nicholas Pryor since July 1993.","(Elizabeth Taylor; spouse; Conrad Hilton, Jr.)","[13]Taylor was 18 when she married Conrad ""Nicky"" Hilton Jr., heir to the Hilton Hotels chain, at the Church of the Good Shepherd in Beverly Hills on May 6, 1950.","no","yes","yes","yes","no","yes","yes","yes","yes","yes"
"3D4BBDG7ZHNHKIDOK8Q48MMV72J3C4","3H5KS3F36Q3FY5U4V08JTUCL83TZYQ","Indicate whether a given sentence expresses a given relation.","Given a sentence taken from a Wikipedia article, tell us whether or not that sentence expresses relation between the person the article is about and some other entity.","survey, relation extraction, Wikipedia","$0.15","Sun May 05 15:29:14 PDT 2019","3","BatchId:3631670;OriginalHitTemplateId:920937340;","1200","345600","Wed May 08 15:29:14 PDT 2019","","","3N1FSUEFL6RFUQ0ZALV0QHS5Z0BD4O","A1FGKIKJYSL1MI","Submitted","Sun May 05 16:08:06 PDT 2019","Sun May 05 16:10:27 PDT 2019","Thu May 09 16:10:27 PDT 2019","","","","141","88% (7/8)","83% (5/6)","100% (5/5)","(Shashank Manohar; birthPlace; Maharashtra)","VR Manohar a leading Supreme Court lawyer, not only served as the Advocate General during Pawar's stint as Maharashtra chief minister, he has also appeared for the NCP leader in his personal court cases in the 1990s.","(Alexis Denisof; spouse; Alyson Hannigan)","He also had a recurring role on How I Met Your Mother on which his wife, Alyson Hannigan, starred.Denisof was born in Salisbury, Maryland,[1] the son of Dr. Christiana Taylor and Gerald Denisof.","(S. D. Shibulal; spouse; Kumari Shibulal)","Shibulal, along with wife Kumari, daughter Shruti and son Shreyas, holds nearly 2.2% of Infosys shares, which has a market capitalisation of around $30 billion.","(Johnathon Schaech; spouse; Jana Kramer)","[37]In December 2009, Schaech became engaged to the singer/actress Jana Kramer, whom he began dating in 2008.","(Johnathon Schaech; hypernym; Actor)","[5]Schaech appeared in How to Make an American Quilt,[5] which received a nomination for the Screen Actors Guild Award for Outstanding Performance by a Cast in a Motion Picture.","(Elizabeth Taylor; hypernym; Actress)","[1]:166–177 Although the film failed to become the type of success MGM had planned,[29] Taylor was nominated for the first time for an Academy Award for Best Actress for her performance.","(Shirley McKague; birthDate; June 12, 1935)","Shirley J. McKague (born June 12, 1935) was a Republican Idaho State Senator, representing the 20th District from 2007 to 2012.","(Princess Milica of Montenegro; hypernym; Princess)","Princess Milica Petrović-Njegoš of Montenegro, also known as Grand Duchess Militza Nikolaevna of Russia, (14 July 1866 in Cetinje, Montenegro – 5 September 1951 in Alexandria, Egypt) was a Montenegrin princess.","(Christine Belford; spouse; Nicholas Pryor)","[citation needed]Belford has been married to actor Nicholas Pryor since July 1993.","(Elizabeth Taylor; spouse; Conrad Hilton, Jr.)","[13]Taylor was 18 when she married Conrad ""Nicky"" Hilton Jr., heir to the Hilton Hotels chain, at the Church of the Good Shepherd in Beverly Hills on May 6, 1950.","no","yes","yes","yes","yes","yes","yes","yes","yes","yes"
"3D4BBDG7ZHNHKIDOK8Q48MMV72J3C4","3H5KS3F36Q3FY5U4V08JTUCL83TZYQ","Indicate whether a given sentence expresses a given relation.","Given a sentence taken from a Wikipedia article, tell us whether or not that sentence expresses relation between the person the article is about and some other entity.","survey, relation extraction, Wikipedia","$0.15","Sun May 05 15:29:14 PDT 2019","3","BatchId:3631670;OriginalHitTemplateId:920937340;","1200","345600","Wed May 08 15:29:14 PDT 2019","","","3YT88D1N09P2Q0N52OC4KPVP595K3G","A2VA0NCPWJ8XZG","Submitted","Sun May 05 15:34:20 PDT 2019","Sun May 05 15:35:20 PDT 2019","Thu May 09 15:35:20 PDT 2019","","","","60","0% (0/0)","0% (0/0)","0% (0/0)","(Shashank Manohar; birthPlace; Maharashtra)","VR Manohar a leading Supreme Court lawyer, not only served as the Advocate General during Pawar's stint as Maharashtra chief minister, he has also appeared for the NCP leader in his personal court cases in the 1990s.","(Alexis Denisof; spouse; Alyson Hannigan)","He also had a recurring role on How I Met Your Mother on which his wife, Alyson Hannigan, starred.Denisof was born in Salisbury, Maryland,[1] the son of Dr. Christiana Taylor and Gerald Denisof.","(S. D. Shibulal; spouse; Kumari Shibulal)","Shibulal, along with wife Kumari, daughter Shruti and son Shreyas, holds nearly 2.2% of Infosys shares, which has a market capitalisation of around $30 billion.","(Johnathon Schaech; spouse; Jana Kramer)","[37]In December 2009, Schaech became engaged to the singer/actress Jana Kramer, whom he began dating in 2008.","(Johnathon Schaech; hypernym; Actor)","[5]Schaech appeared in How to Make an American Quilt,[5] which received a nomination for the Screen Actors Guild Award for Outstanding Performance by a Cast in a Motion Picture.","(Elizabeth Taylor; hypernym; Actress)","[1]:166–177 Although the film failed to become the type of success MGM had planned,[29] Taylor was nominated for the first time for an Academy Award for Best Actress for her performance.","(Shirley McKague; birthDate; June 12, 1935)","Shirley J. McKague (born June 12, 1935) was a Republican Idaho State Senator, representing the 20th District from 2007 to 2012.","(Princess Milica of Montenegro; hypernym; Princess)","Princess Milica Petrović-Njegoš of Montenegro, also known as Grand Duchess Militza Nikolaevna of Russia, (14 July 1866 in Cetinje, Montenegro – 5 September 1951 in Alexandria, Egypt) was a Montenegrin princess.","(Christine Belford; spouse; Nicholas Pryor)","[citation needed]Belford has been married to actor Nicholas Pryor since July 1993.","(Elizabeth Taylor; spouse; Conrad Hilton, Jr.)","[13]Taylor was 18 when she married Conrad ""Nicky"" Hilton Jr., heir to the Hilton Hotels chain, at the Church of the Good Shepherd in Beverly Hills on May 6, 1950.","no","yes","yes","yes","yes","yes","yes","yes","yes","yes"
"3JMQI2OLFZWYTECC2N5U162JXJMDNU","3H5KS3F36Q3FY5U4V08JTUCL83TZYQ","Indicate whether a given sentence expresses a given relation.","Given a sentence taken from a Wikipedia article, tell us whether or not that sentence expresses relation between the person the article is about and some other entity.","survey, relation extraction, Wikipedia","$0.15","Sun May 05 15:29:14 PDT 2019","3","BatchId:3631670;OriginalHitTemplateId:920937340;","1200","345600","Wed May 08 15:29:14 PDT 2019","","","39JEC7537VS4JBD0UL1CF1A0RKPCVS","A2VA0NCPWJ8XZG","Submitted","Sun May 05 15:35:20 PDT 2019","Sun May 05 15:36:08 PDT 2019","Thu May 09 15:36:08 PDT 2019","","","","48","0% (0/0)","0% (0/0)","0% (0/0)","(Gale W. McGee; hypernym; Senator)","On March 6, 1965, CBS News aired an hour-long TV special titled ""Vietnam: Hawks and the Doves"" that featured a debate between McGee and Senator George McGovern for the full hour.","(Gale W. McGee; hypernym; Senator)","Senator Anderson found an ally in McGee on the Senate Commerce Committee, which had jurisdiction over Mr. Strauss' confirmation.","(Gale W. McGee; hypernym; Senator)","[16]McGee took advantage and concentrated on discrediting the state Republican Party and promoted McGee's specific contributions to particular areas of the state, especially given his position on the Senate Appropriations Committee.Counties thought to be steadfastly Republican, such as Big Horn County, wound up supporting both the re-election of President Johnson and Senator McGee.","(Gale W. McGee; hypernym; Senator)","Senate Majority Leader Lyndon Johnson, Senator John F. Kennedy, Senator Wayne Morse of Oregon, Senator-elect Edmund Muskie of Maine, Congressman Joseph M. Montoya of New Mexico, and former President Harry S. Truman came to the state to support McGee, whose campaign slogan was ""McGee for Me!"".","(Gale W. McGee; hypernym; Senator)","asked Senator Gale McGee in 1965.","(Shirley McKague; hypernym; Senator)","Shirley J. McKague (born June 12, 1935) was a Republican Idaho State Senator, representing the 20th District from 2007 to 2012.","(Shirley McKague; birthPlace; Nampa, Idaho)","She previously served as an Idaho State Representative for Districts 14B and 20B from 1997 until her appointment to fill the vacancy caused by the resignation of Senator Gerry Sweet.McKague was born in Nampa, Idaho in 1935 and raised in Meridian.","(Christine Belford; birthDate; January 14, 1949)","Christine Belford (born January 14, 1949) is an American television and film actress.","(Elizabeth Taylor; hypernym; Actress)","[36] Taylor won her first Academy Award for Best Actress for her performance.","","","no","no","yes","yes","no","yes","yes","yes","yes","yes"
"3JMQI2OLFZWYTECC2N5U162JXJMDNU","3H5KS3F36Q3FY5U4V08JTUCL83TZYQ","Indicate whether a given sentence expresses a given relation.","Given a sentence taken from a Wikipedia article, tell us whether or not that sentence expresses relation between the person the article is about and some other entity.","survey, relation extraction, Wikipedia","$0.15","Sun May 05 15:29:14 PDT 2019","3","BatchId:3631670;OriginalHitTemplateId:920937340;","1200","345600","Wed May 08 15:29:14 PDT 2019","","","3VA45EW49OEP6OU5DCQE3DX1RU21OQ","AKUOSGCC9NA9G","Submitted","Sun May 05 15:38:22 PDT 2019","Sun May 05 15:41:00 PDT 2019","Thu May 09 15:41:00 PDT 2019","","","","158","0% (0/0)","0% (0/0)","0% (0/0)","(Gale W. McGee; hypernym; Senator)","On March 6, 1965, CBS News aired an hour-long TV special titled ""Vietnam: Hawks and the Doves"" that featured a debate between McGee and Senator George McGovern for the full hour.","(Gale W. McGee; hypernym; Senator)","Senator Anderson found an ally in McGee on the Senate Commerce Committee, which had jurisdiction over Mr. Strauss' confirmation.","(Gale W. McGee; hypernym; Senator)","[16]McGee took advantage and concentrated on discrediting the state Republican Party and promoted McGee's specific contributions to particular areas of the state, especially given his position on the Senate Appropriations Committee.Counties thought to be steadfastly Republican, such as Big Horn County, wound up supporting both the re-election of President Johnson and Senator McGee.","(Gale W. McGee; hypernym; Senator)","Senate Majority Leader Lyndon Johnson, Senator John F. Kennedy, Senator Wayne Morse of Oregon, Senator-elect Edmund Muskie of Maine, Congressman Joseph M. Montoya of New Mexico, and former President Harry S. Truman came to the state to support McGee, whose campaign slogan was ""McGee for Me!"".","(Gale W. McGee; hypernym; Senator)","asked Senator Gale McGee in 1965.","(Shirley McKague; hypernym; Senator)","Shirley J. McKague (born June 12, 1935) was a Republican Idaho State Senator, representing the 20th District from 2007 to 2012.","(Shirley McKague; birthPlace; Nampa, Idaho)","She previously served as an Idaho State Representative for Districts 14B and 20B from 1997 until her appointment to fill the vacancy caused by the resignation of Senator Gerry Sweet.McKague was born in Nampa, Idaho in 1935 and raised in Meridian.","(Christine Belford; birthDate; January 14, 1949)","Christine Belford (born January 14, 1949) is an American television and film actress.","(Elizabeth Taylor; hypernym; Actress)","[36] Taylor won her first Academy Award for Best Actress for her performance.","","","no","no","yes","yes","no","yes","yes","yes","yes","yes"
"3JMQI2OLFZWYTECC2N5U162JXJMDNU","3H5KS3F36Q3FY5U4V08JTUCL83TZYQ","Indicate whether a given sentence expresses a given relation.","Given a sentence taken from a Wikipedia article, tell us whether or not that sentence expresses relation between the person the article is about and some other entity.","survey, relation extraction, Wikipedia","$0.15","Sun May 05 15:29:14 PDT 2019","3","BatchId:3631670;OriginalHitTemplateId:920937340;","1200","345600","Wed May 08 15:29:14 PDT 2019","","","3ZPBJO59KQS962OUPSFJK61945XHDE","A3MBRQO3XAVTIV","Submitted","Sun May 05 16:07:51 PDT 2019","Sun May 05 16:08:54 PDT 2019","Thu May 09 16:08:54 PDT 2019","","","","63","0% (0/0)","0% (0/0)","0% (0/0)","(Gale W. McGee; hypernym; Senator)","On March 6, 1965, CBS News aired an hour-long TV special titled ""Vietnam: Hawks and the Doves"" that featured a debate between McGee and Senator George McGovern for the full hour.","(Gale W. McGee; hypernym; Senator)","Senator Anderson found an ally in McGee on the Senate Commerce Committee, which had jurisdiction over Mr. Strauss' confirmation.","(Gale W. McGee; hypernym; Senator)","[16]McGee took advantage and concentrated on discrediting the state Republican Party and promoted McGee's specific contributions to particular areas of the state, especially given his position on the Senate Appropriations Committee.Counties thought to be steadfastly Republican, such as Big Horn County, wound up supporting both the re-election of President Johnson and Senator McGee.","(Gale W. McGee; hypernym; Senator)","Senate Majority Leader Lyndon Johnson, Senator John F. Kennedy, Senator Wayne Morse of Oregon, Senator-elect Edmund Muskie of Maine, Congressman Joseph M. Montoya of New Mexico, and former President Harry S. Truman came to the state to support McGee, whose campaign slogan was ""McGee for Me!"".","(Gale W. McGee; hypernym; Senator)","asked Senator Gale McGee in 1965.","(Shirley McKague; hypernym; Senator)","Shirley J. McKague (born June 12, 1935) was a Republican Idaho State Senator, representing the 20th District from 2007 to 2012.","(Shirley McKague; birthPlace; Nampa, Idaho)","She previously served as an Idaho State Representative for Districts 14B and 20B from 1997 until her appointment to fill the vacancy caused by the resignation of Senator Gerry Sweet.McKague was born in Nampa, Idaho in 1935 and raised in Meridian.","(Christine Belford; birthDate; January 14, 1949)","Christine Belford (born January 14, 1949) is an American television and film actress.","(Elizabeth Taylor; hypernym; Actress)","[36] Taylor won her first Academy Award for Best Actress for her performance.","","","no","no","yes","yes","no","yes","yes","yes","yes","yes"
"38VTL6WC4A4X101XUJWMKACYOMRY5W","3H5KS3F36Q3FY5U4V08JTUCL83TZYQ","Indicate whether a given sentence expresses a given relation.","Given a sentence taken from a Wikipedia article, tell us whether or not that sentence expresses relation between the person the article is about and some other entity.","survey, relation extraction, Wikipedia","$0.15","Sun May 05 15:29:14 PDT 2019","3","BatchId:3631670;OriginalHitTemplateId:920937340;","1200","345600","Wed May 08 15:29:14 PDT 2019","","","3G5F9DBFOQOV0JOGGDFDQS7G4CVHV7","A3QFA2I8AL9J9F","Submitted","Sun May 05 15:40:16 PDT 2019","Sun May 05 15:55:02 PDT 2019","Thu May 09 15:55:02 PDT 2019","","","","886","0% (0/0)","0% (0/0)","0% (0/0)","(Gale W. McGee; hypernym; Senator)","Senator McGee, as is protocol for a United States Senator, escorted the President in his travels throughout Wyoming.","(Gale W. McGee; hypernym; Senator)","The town of Lovell, never known to support a Democrat, gave Senator McGee 123 more votes than it gave President Johnson, 145 more than it gave McGee's opponent, John Wold.","(Johnathon Schaech; birthDate; September 10, 1969)","Johnathon Schaech (/ʃɛk/ SHEK; born September 10, 1969) is an American actor, writer and producer.Schaech was born in Edgewood, Maryland, in 1969 to Joe, a Baltimore City law enforcement officer, and Joanne Schaech, a human resources executive.","(James B. Donovan; birthDate; February 29, 1916)","James Britt Donovan (February 29, 1916 – January 19, 1970)[1][2] was an American lawyer, United States Navy officer in the Office of Scientific Research and Development and the Office of Strategic Services (OSS, predecessor of the Central Intelligence Agency), ultimately becoming general counsel of the OSS, and an international diplomatic negotiator.","(Gale W. McGee; birthDate; March 17, 1915)","Gale William McGee (March 17, 1915 – April 9, 1992) was a United States Senator of the Democratic Party, and United States Ambassador to the Organization of American States (OAS).","(Dana Rosemary Scallon; birthPlace; Islington)","Scallon was again an independent candidate in the Irish 2011 presidential election, but was eliminated on the first count.Scallon was born in Frederica Street, Islington, North London, to Robert and Sheila Brown (née Sheerin).","(Shirley McKague; hypernym; Senator)","She previously served as an Idaho State Representative for Districts 14B and 20B from 1997 until her appointment to fill the vacancy caused by the resignation of Senator Gerry Sweet.McKague was born in Nampa, Idaho in 1935 and raised in Meridian.","(Amanda Peet; birthDate; January 11, 1972)","Amanda Peet (born January 11, 1972) is an American actress.","(Marilyn Trenholme Counsell; spouse; Kenneth Walter Counsell)","Kenneth Counsell died in 1981.She has a BSc from Mount Allison University, MA in nutrition from University of Toronto and a MD from the University of Toronto.","(Marilyn Trenholme Counsell; hypernym; Senator)","Counsell was a Canadian Senator and Lieutenant Governor of New Brunswick from 1997 to 2003.She was born in Baie Verte, New Brunswick, the daughter of Harry Frederick and Mildred (née Baxter) Trenholme.","yes","yes","yes","yes","yes","yes","no","yes","yes","no"
"38VTL6WC4A4X101XUJWMKACYOMRY5W","3H5KS3F36Q3FY5U4V08JTUCL83TZYQ","Indicate whether a given sentence expresses a given relation.","Given a sentence taken from a Wikipedia article, tell us whether or not that sentence expresses relation between the person the article is about and some other entity.","survey, relation extraction, Wikipedia","$0.15","Sun May 05 15:29:14 PDT 2019","3","BatchId:3631670;OriginalHitTemplateId:920937340;","1200","345600","Wed May 08 15:29:14 PDT 2019","","","3KMS4QQVK3HX6C3YMJD6LYKM8ZAFKK","A1DUPOUC9RNU4L","Submitted","Sun May 05 15:35:46 PDT 2019","Sun May 05 15:37:37 PDT 2019","Thu May 09 15:37:37 PDT 2019","","","","111","88% (83/94)","42% (8/19)","75% (3/4)","(Gale W. McGee; hypernym; Senator)","Senator McGee, as is protocol for a United States Senator, escorted the President in his travels throughout Wyoming.","(Gale W. McGee; hypernym; Senator)","The town of Lovell, never known to support a Democrat, gave Senator McGee 123 more votes than it gave President Johnson, 145 more than it gave McGee's opponent, John Wold.","(Johnathon Schaech; birthDate; September 10, 1969)","Johnathon Schaech (/ʃɛk/ SHEK; born September 10, 1969) is an American actor, writer and producer.Schaech was born in Edgewood, Maryland, in 1969 to Joe, a Baltimore City law enforcement officer, and Joanne Schaech, a human resources executive.","(James B. Donovan; birthDate; February 29, 1916)","James Britt Donovan (February 29, 1916 – January 19, 1970)[1][2] was an American lawyer, United States Navy officer in the Office of Scientific Research and Development and the Office of Strategic Services (OSS, predecessor of the Central Intelligence Agency), ultimately becoming general counsel of the OSS, and an international diplomatic negotiator.","(Gale W. McGee; birthDate; March 17, 1915)","Gale William McGee (March 17, 1915 – April 9, 1992) was a United States Senator of the Democratic Party, and United States Ambassador to the Organization of American States (OAS).","(Dana Rosemary Scallon; birthPlace; Islington)","Scallon was again an independent candidate in the Irish 2011 presidential election, but was eliminated on the first count.Scallon was born in Frederica Street, Islington, North London, to Robert and Sheila Brown (née Sheerin).","(Shirley McKague; hypernym; Senator)","She previously served as an Idaho State Representative for Districts 14B and 20B from 1997 until her appointment to fill the vacancy caused by the resignation of Senator Gerry Sweet.McKague was born in Nampa, Idaho in 1935 and raised in Meridian.","(Amanda Peet; birthDate; January 11, 1972)","Amanda Peet (born January 11, 1972) is an American actress.","(Marilyn Trenholme Counsell; spouse; Kenneth Walter Counsell)","Kenneth Counsell died in 1981.She has a BSc from Mount Allison University, MA in nutrition from University of Toronto and a MD from the University of Toronto.","(Marilyn Trenholme Counsell; hypernym; Senator)","Counsell was a Canadian Senator and Lieutenant Governor of New Brunswick from 1997 to 2003.She was born in Baie Verte, New Brunswick, the daughter of Harry Frederick and Mildred (née Baxter) Trenholme.","yes","yes","yes","yes","yes","yes","yes","yes","yes","no"
"38VTL6WC4A4X101XUJWMKACYOMRY5W","3H5KS3F36Q3FY5U4V08JTUCL83TZYQ","Indicate whether a given sentence expresses a given relation.","Given a sentence taken from a Wikipedia article, tell us whether or not that sentence expresses relation between the person the article is about and some other entity.","survey, relation extraction, Wikipedia","$0.15","Sun May 05 15:29:14 PDT 2019","3","BatchId:3631670;OriginalHitTemplateId:920937340;","1200","345600","Wed May 08 15:29:14 PDT 2019","","","3WR9XG3T642ZDHZPJ8SEQPI9DP174I","A2VA0NCPWJ8XZG","Submitted","Sun May 05 15:32:29 PDT 2019","Sun May 05 15:33:23 PDT 2019","Thu May 09 15:33:23 PDT 2019","","","","54","0% (0/0)","0% (0/0)","0% (0/0)","(Gale W. McGee; hypernym; Senator)","Senator McGee, as is protocol for a United States Senator, escorted the President in his travels throughout Wyoming.","(Gale W. McGee; hypernym; Senator)","The town of Lovell, never known to support a Democrat, gave Senator McGee 123 more votes than it gave President Johnson, 145 more than it gave McGee's opponent, John Wold.","(Johnathon Schaech; birthDate; September 10, 1969)","Johnathon Schaech (/ʃɛk/ SHEK; born September 10, 1969) is an American actor, writer and producer.Schaech was born in Edgewood, Maryland, in 1969 to Joe, a Baltimore City law enforcement officer, and Joanne Schaech, a human resources executive.","(James B. Donovan; birthDate; February 29, 1916)","James Britt Donovan (February 29, 1916 – January 19, 1970)[1][2] was an American lawyer, United States Navy officer in the Office of Scientific Research and Development and the Office of Strategic Services (OSS, predecessor of the Central Intelligence Agency), ultimately becoming general counsel of the OSS, and an international diplomatic negotiator.","(Gale W. McGee; birthDate; March 17, 1915)","Gale William McGee (March 17, 1915 – April 9, 1992) was a United States Senator of the Democratic Party, and United States Ambassador to the Organization of American States (OAS).","(Dana Rosemary Scallon; birthPlace; Islington)","Scallon was again an independent candidate in the Irish 2011 presidential election, but was eliminated on the first count.Scallon was born in Frederica Street, Islington, North London, to Robert and Sheila Brown (née Sheerin).","(Shirley McKague; hypernym; Senator)","She previously served as an Idaho State Representative for Districts 14B and 20B from 1997 until her appointment to fill the vacancy caused by the resignation of Senator Gerry Sweet.McKague was born in Nampa, Idaho in 1935 and raised in Meridian.","(Amanda Peet; birthDate; January 11, 1972)","Amanda Peet (born January 11, 1972) is an American actress.","(Marilyn Trenholme Counsell; spouse; Kenneth Walter Counsell)","Kenneth Counsell died in 1981.She has a BSc from Mount Allison University, MA in nutrition from University of Toronto and a MD from the University of Toronto.","(Marilyn Trenholme Counsell; hypernym; Senator)","Counsell was a Canadian Senator and Lieutenant Governor of New Brunswick from 1997 to 2003.She was born in Baie Verte, New Brunswick, the daughter of Harry Frederick and Mildred (née Baxter) Trenholme.","yes","yes","yes","yes","yes","yes","yes","yes","yes","no"
"30EV7DWJTVMTK41BZ26RCGQYKH2Y6C","3H5KS3F36Q3FY5U4V08JTUCL83TZYQ","Indicate whether a given sentence expresses a given relation.","Given a sentence taken from a Wikipedia article, tell us whether or not that sentence expresses relation between the person the article is about and some other entity.","survey, relation extraction, Wikipedia","$0.15","Sun May 05 15:29:14 PDT 2019","3","BatchId:3631670;OriginalHitTemplateId:920937340;","1200","345600","Wed May 08 15:29:14 PDT 2019","","","30LSNF239VMMZN1YYLDNOZBK7RGI2S","AEZ8HFKNK24Q3","Submitted","Sun May 05 15:35:54 PDT 2019","Sun May 05 15:39:51 PDT 2019","Thu May 09 15:39:51 PDT 2019","","","","237","67% (2/3)","67% (2/3)","0% (0/0)","(Gale W. McGee; hypernym; Senator)","During and after the Senate hearings, Senator McGee had charged Mr. Strauss with ""a brazen attempt to hoodwink"" the committee.","(Gale W. McGee; birthPlace; Lincoln, Nebraska)","Since his exit from the Senate, no other Democrat has represented Wyoming in the Senate.McGee was born in Lincoln, Nebraska, on March 17, 1915.","(S. D. Shibulal; spouse; Kumari Shibulal)","[25]Shibulal met his wife Kumari, during his university days in SD College.","(Gale W. McGee; hypernym; Senator)","I recognized him as our old friend Senator Gale McGee.By nature of their service together in the Senate, Senator McGee continued to enjoy a good relationship with President Kennedy while in the White House.","(Gale W. McGee; hypernym; Senator)","In 1955–56 he took a leave of absence from the university to work as top aide to Wyoming Democratic Senator Joseph C. O'Mahoney.In 1958 McGee left the university to make his bid for the U.S. Senate, challenging incumbent Frank A. Barrett.","(Amanda Peet; spouse; David Benioff)","[52]Peet married screenwriter David Benioff on September 30, 2006, in New York City.","(Elizabeth Taylor; hypernym; Actress)","These included two film adaptations of plays by Tennessee Williams: Cat on a Hot Tin Roof (1958), and Suddenly, Last Summer (1959); Taylor won a Golden Globe for Best Actress for the latter.","(Amanda Peet; hypernym; Actress)","For her role, Peet received a Satellite Award nomination for Best Actress – Television Series Drama.Peet starred as an attorney who stays home to raise a new baby in the romantic comedy The Ex (2007), which went unnoticed by critics and audiences.","","","","","yes","no","yes","yes","yes","no","yes","yes","yes","no"
"30EV7DWJTVMTK41BZ26RCGQYKH2Y6C","3H5KS3F36Q3FY5U4V08JTUCL83TZYQ","Indicate whether a given sentence expresses a given relation.","Given a sentence taken from a Wikipedia article, tell us whether or not that sentence expresses relation between the person the article is about and some other entity.","survey, relation extraction, Wikipedia","$0.15","Sun May 05 15:29:14 PDT 2019","3","BatchId:3631670;OriginalHitTemplateId:920937340;","1200","345600","Wed May 08 15:29:14 PDT 2019","","","3U8YCDAGXQ7SKBM3W6EIED9R13E0QU","A2VA0NCPWJ8XZG","Submitted","Sun May 05 15:37:17 PDT 2019","Sun May 05 15:39:09 PDT 2019","Thu May 09 15:39:09 PDT 2019","","","","112","0% (0/0)","0% (0/0)","0% (0/0)","(Gale W. McGee; hypernym; Senator)","During and after the Senate hearings, Senator McGee had charged Mr. Strauss with ""a brazen attempt to hoodwink"" the committee.","(Gale W. McGee; birthPlace; Lincoln, Nebraska)","Since his exit from the Senate, no other Democrat has represented Wyoming in the Senate.McGee was born in Lincoln, Nebraska, on March 17, 1915.","(S. D. Shibulal; spouse; Kumari Shibulal)","[25]Shibulal met his wife Kumari, during his university days in SD College.","(Gale W. McGee; hypernym; Senator)","I recognized him as our old friend Senator Gale McGee.By nature of their service together in the Senate, Senator McGee continued to enjoy a good relationship with President Kennedy while in the White House.","(Gale W. McGee; hypernym; Senator)","In 1955–56 he took a leave of absence from the university to work as top aide to Wyoming Democratic Senator Joseph C. O'Mahoney.In 1958 McGee left the university to make his bid for the U.S. Senate, challenging incumbent Frank A. Barrett.","(Amanda Peet; spouse; David Benioff)","[52]Peet married screenwriter David Benioff on September 30, 2006, in New York City.","(Elizabeth Taylor; hypernym; Actress)","These included two film adaptations of plays by Tennessee Williams: Cat on a Hot Tin Roof (1958), and Suddenly, Last Summer (1959); Taylor won a Golden Globe for Best Actress for the latter.","(Amanda Peet; hypernym; Actress)","For her role, Peet received a Satellite Award nomination for Best Actress – Television Series Drama.Peet starred as an attorney who stays home to raise a new baby in the romantic comedy The Ex (2007), which went unnoticed by critics and audiences.","","","","","yes","no","yes","yes","yes","no","yes","yes","yes","no"
"30EV7DWJTVMTK41BZ26RCGQYKH2Y6C","3H5KS3F36Q3FY5U4V08JTUCL83TZYQ","Indicate whether a given sentence expresses a given relation.","Given a sentence taken from a Wikipedia article, tell us whether or not that sentence expresses relation between the person the article is about and some other entity.","survey, relation extraction, Wikipedia","$0.15","Sun May 05 15:29:14 PDT 2019","3","BatchId:3631670;OriginalHitTemplateId:920937340;","1200","345600","Wed May 08 15:29:14 PDT 2019","","","3X4MXAO0BHFL422O2SW3QYS0YUVRWO","AKUOSGCC9NA9G","Submitted","Sun May 05 15:41:00 PDT 2019","Sun May 05 15:43:46 PDT 2019","Thu May 09 15:43:46 PDT 2019","","","","166","0% (0/0)","0% (0/0)","0% (0/0)","(Gale W. McGee; hypernym; Senator)","During and after the Senate hearings, Senator McGee had charged Mr. Strauss with ""a brazen attempt to hoodwink"" the committee.","(Gale W. McGee; birthPlace; Lincoln, Nebraska)","Since his exit from the Senate, no other Democrat has represented Wyoming in the Senate.McGee was born in Lincoln, Nebraska, on March 17, 1915.","(S. D. Shibulal; spouse; Kumari Shibulal)","[25]Shibulal met his wife Kumari, during his university days in SD College.","(Gale W. McGee; hypernym; Senator)","I recognized him as our old friend Senator Gale McGee.By nature of their service together in the Senate, Senator McGee continued to enjoy a good relationship with President Kennedy while in the White House.","(Gale W. McGee; hypernym; Senator)","In 1955–56 he took a leave of absence from the university to work as top aide to Wyoming Democratic Senator Joseph C. O'Mahoney.In 1958 McGee left the university to make his bid for the U.S. Senate, challenging incumbent Frank A. Barrett.","(Amanda Peet; spouse; David Benioff)","[52]Peet married screenwriter David Benioff on September 30, 2006, in New York City.","(Elizabeth Taylor; hypernym; Actress)","These included two film adaptations of plays by Tennessee Williams: Cat on a Hot Tin Roof (1958), and Suddenly, Last Summer (1959); Taylor won a Golden Globe for Best Actress for the latter.","(Amanda Peet; hypernym; Actress)","For her role, Peet received a Satellite Award nomination for Best Actress – Television Series Drama.Peet starred as an attorney who stays home to raise a new baby in the romantic comedy The Ex (2007), which went unnoticed by critics and audiences.","","","","","yes","no","yes","yes","yes","no","yes","yes","yes","no"
"3P520RYKCHXGKRHSKIZXHP6LSYH5U6","3H5KS3F36Q3FY5U4V08JTUCL83TZYQ","Indicate whether a given sentence expresses a given relation.","Given a sentence taken from a Wikipedia article, tell us whether or not that sentence expresses relation between the person the article is about and some other entity.","survey, relation extraction, Wikipedia","$0.15","Sun May 05 15:29:14 PDT 2019","3","BatchId:3631670;OriginalHitTemplateId:920937340;","1200","345600","Wed May 08 15:29:14 PDT 2019","","","3FE2ERCCZYZSNGD7YE1449FZUA7OPG","A2VA0NCPWJ8XZG","Submitted","Sun May 05 15:33:23 PDT 2019","Sun May 05 15:34:20 PDT 2019","Thu May 09 15:34:20 PDT 2019","","","","57","0% (0/0)","0% (0/0)","0% (0/0)","(James B. Donovan; spouse; Mary McKenna)","[20]In 1941, Donovan married Mary E. McKenna.","(S. D. Shibulal; birthDate; March 1, 1955)","S. D. Shibulal (born 1 March 1955, in Alappuzha, India), better known as Shibulal, is an Indian business executive.","(Gale W. McGee; spouse; Loraine Baker McGee)","[29]McGee married Loraine Baker in 1939 and together they had four children: David, Robert, Mary Gale and Lori Ann.","(James B. Donovan; birthPlace; United States)","He appealed Abel's case to the Supreme Court, which in Abel v. United States rejected by a 5–4 vote Donovan's argument that evidence used against his client had been seized by the FBI in violation of the Fourth Amendment.","(Elizabeth Taylor; spouse; Conrad Hilton, Jr.)","[19] It was released in May, and the same month, Taylor married hotel-chain heir Conrad Hilton Jr. in a highly publicized ceremony.","(Princess Milica of Montenegro; hypernym; Princess)","They helped to introduce to the Imperial Family first a charlatan mystic named Philippe Nizier-Vashod (usually referred to merely as ""Philippe"") and then Grigori Rasputin[2] .Grand Duke Peter Nikolaevich of Russia and Princess Milica were married on 26 July 1889 in Saint Petersburg.","(Christine Belford; birthPlace; Amityville, New York)","She has sometimes been credited as Christina Belford.Christine Riley was born in Amityville, Long Island, New York to Joseph J. Riley and Mary Belford Riley (née Wilson; later Malone), [1] [2] who later divorced.","(Elizabeth Taylor; birthPlace; Hampstead Garden Suburb)","After many years of ill health, Taylor died from congestive heart failure in 2011, at the age of 79.Elizabeth Rosemond Taylor was born on February 27, 1932, at Heathwood, her family's home on 8 Wildwood Road in Hampstead Garden Suburb, London.","","","","","yes","no","yes","yes","no","yes","yes","yes","yes","no"
"3P520RYKCHXGKRHSKIZXHP6LSYH5U6","3H5KS3F36Q3FY5U4V08JTUCL83TZYQ","Indicate whether a given sentence expresses a given relation.","Given a sentence taken from a Wikipedia article, tell us whether or not that sentence expresses relation between the person the article is about and some other entity.","survey, relation extraction, Wikipedia","$0.15","Sun May 05 15:29:14 PDT 2019","3","BatchId:3631670;OriginalHitTemplateId:920937340;","1200","345600","Wed May 08 15:29:14 PDT 2019","","","3L6L49WXW1OKQDL6VFDHS54DMJB455","A2VLQ09XI2IIZ5","Submitted","Sun May 05 15:58:01 PDT 2019","Sun May 05 16:03:27 PDT 2019","Thu May 09 16:03:27 PDT 2019","","","","326","82% (23/28)","82% (23/28)","82% (23/28)","(James B. Donovan; spouse; Mary McKenna)","[20]In 1941, Donovan married Mary E. McKenna.","(S. D. Shibulal; birthDate; March 1, 1955)","S. D. Shibulal (born 1 March 1955, in Alappuzha, India), better known as Shibulal, is an Indian business executive.","(Gale W. McGee; spouse; Loraine Baker McGee)","[29]McGee married Loraine Baker in 1939 and together they had four children: David, Robert, Mary Gale and Lori Ann.","(James B. Donovan; birthPlace; United States)","He appealed Abel's case to the Supreme Court, which in Abel v. United States rejected by a 5–4 vote Donovan's argument that evidence used against his client had been seized by the FBI in violation of the Fourth Amendment.","(Elizabeth Taylor; spouse; Conrad Hilton, Jr.)","[19] It was released in May, and the same month, Taylor married hotel-chain heir Conrad Hilton Jr. in a highly publicized ceremony.","(Princess Milica of Montenegro; hypernym; Princess)","They helped to introduce to the Imperial Family first a charlatan mystic named Philippe Nizier-Vashod (usually referred to merely as ""Philippe"") and then Grigori Rasputin[2] .Grand Duke Peter Nikolaevich of Russia and Princess Milica were married on 26 July 1889 in Saint Petersburg.","(Christine Belford; birthPlace; Amityville, New York)","She has sometimes been credited as Christina Belford.Christine Riley was born in Amityville, Long Island, New York to Joseph J. Riley and Mary Belford Riley (née Wilson; later Malone), [1] [2] who later divorced.","(Elizabeth Taylor; birthPlace; Hampstead Garden Suburb)","After many years of ill health, Taylor died from congestive heart failure in 2011, at the age of 79.Elizabeth Rosemond Taylor was born on February 27, 1932, at Heathwood, her family's home on 8 Wildwood Road in Hampstead Garden Suburb, London.","","","","","yes","no","yes","yes","no","yes","yes","yes","yes","no"
"3P520RYKCHXGKRHSKIZXHP6LSYH5U6","3H5KS3F36Q3FY5U4V08JTUCL83TZYQ","Indicate whether a given sentence expresses a given relation.","Given a sentence taken from a Wikipedia article, tell us whether or not that sentence expresses relation between the person the article is about and some other entity.","survey, relation extraction, Wikipedia","$0.15","Sun May 05 15:29:14 PDT 2019","3","BatchId:3631670;OriginalHitTemplateId:920937340;","1200","345600","Wed May 08 15:29:14 PDT 2019","","","3OHYZ19UGDWL0C759VJ7EEQ4VO7OA0","AEZ8HFKNK24Q3","Submitted","Sun May 05 15:32:46 PDT 2019","Sun May 05 15:35:43 PDT 2019","Thu May 09 15:35:43 PDT 2019","","","","177","67% (2/3)","67% (2/3)","0% (0/0)","(James B. Donovan; spouse; Mary McKenna)","[20]In 1941, Donovan married Mary E. McKenna.","(S. D. Shibulal; birthDate; March 1, 1955)","S. D. Shibulal (born 1 March 1955, in Alappuzha, India), better known as Shibulal, is an Indian business executive.","(Gale W. McGee; spouse; Loraine Baker McGee)","[29]McGee married Loraine Baker in 1939 and together they had four children: David, Robert, Mary Gale and Lori Ann.","(James B. Donovan; birthPlace; United States)","He appealed Abel's case to the Supreme Court, which in Abel v. United States rejected by a 5–4 vote Donovan's argument that evidence used against his client had been seized by the FBI in violation of the Fourth Amendment.","(Elizabeth Taylor; spouse; Conrad Hilton, Jr.)","[19] It was released in May, and the same month, Taylor married hotel-chain heir Conrad Hilton Jr. in a highly publicized ceremony.","(Princess Milica of Montenegro; hypernym; Princess)","They helped to introduce to the Imperial Family first a charlatan mystic named Philippe Nizier-Vashod (usually referred to merely as ""Philippe"") and then Grigori Rasputin[2] .Grand Duke Peter Nikolaevich of Russia and Princess Milica were married on 26 July 1889 in Saint Petersburg.","(Christine Belford; birthPlace; Amityville, New York)","She has sometimes been credited as Christina Belford.Christine Riley was born in Amityville, Long Island, New York to Joseph J. Riley and Mary Belford Riley (née Wilson; later Malone), [1] [2] who later divorced.","(Elizabeth Taylor; birthPlace; Hampstead Garden Suburb)","After many years of ill health, Taylor died from congestive heart failure in 2011, at the age of 79.Elizabeth Rosemond Taylor was born on February 27, 1932, at Heathwood, her family's home on 8 Wildwood Road in Hampstead Garden Suburb, London.","","","","","yes","no","yes","yes","no","yes","no","yes","yes","no"
"3MA5N0ATTC2WUER0M5I412A0A4MWKG","3H5KS3F36Q3FY5U4V08JTUCL83TZYQ","Indicate whether a given sentence expresses a given relation.","Given a sentence taken from a Wikipedia article, tell us whether or not that sentence expresses relation between the person the article is about and some other entity.","survey, relation extraction, Wikipedia","$0.15","Sun May 05 15:29:14 PDT 2019","3","BatchId:3631670;OriginalHitTemplateId:920937340;","1200","345600","Wed May 08 15:29:14 PDT 2019","","","31QTRG6Q2U44HUH941A260D18KBYP6","A3T9K2RY06UO14","Submitted","Sun May 05 16:02:18 PDT 2019","Sun May 05 16:09:11 PDT 2019","Thu May 09 16:09:11 PDT 2019","","","","413","100% (2/2)","0% (0/0)","0% (0/0)","(James B. Donovan; spouse; Mary McKenna)","Tom Hanks plays the role of Donovan, with Amy Ryan as his wife, Mary.","(Alexis Denisof; hypernym; Actor)","[13] As of 2018, Denisof stars in I Love Bekka and Lucy as Glenn, and was nominated for a Primetime Emmy Award for Outstanding Actor in a Short Form Comedy or Drama Series, his first such nomination.","(Alexis Denisof; birthPlace; Salisbury, Maryland)","He also had a recurring role on How I Met Your Mother on which his wife, Alyson Hannigan, starred.Denisof was born in Salisbury, Maryland,[1] the son of Dr. Christiana Taylor and Gerald Denisof.","(S. D. Shibulal; birthPlace; India)","S. D. Shibulal (born 1 March 1955, in Alappuzha, India), better known as Shibulal, is an Indian business executive.","(Amanda Peet; birthPlace; New York)","Her featured role in the comedy The Whole Nine Yards (2000) brought her a much wider recognition,[1] and she has since appeared in a variety of films, including Something's Gotta Give (2003), Identity (2003), Syriana (2005), The X-Files: I Want to Believe (2008), 2012 (2009), and The Way, Way Back (2013).On television, Peet has starred in Jack & Jill (1999–2001), Togetherness (2015–2016), and Brockmire (2016–present).Peet was born in New York City, the daughter of Penny (née Levy), a social worker, and Charles Peet Jr., a corporate lawyer,[2][3] who later divorced.","(Marilyn Trenholme Counsell; birthPlace; Baie Verte, New Brunswick)","Counsell was a Canadian Senator and Lieutenant Governor of New Brunswick from 1997 to 2003.She was born in Baie Verte, New Brunswick, the daughter of Harry Frederick and Mildred (née Baxter) Trenholme.","(Patti LuPone; birthDate; April 21, 1949)","Patti Ann LuPone (born April 21, 1949) is an American actress and singer, best known for her work in stage musicals.","(Princess Milica of Montenegro; birthDate; July 14, 1866)","Princess Milica Petrović-Njegoš of Montenegro, also known as Grand Duchess Militza Nikolaevna of Russia, (14 July 1866 in Cetinje, Montenegro – 5 September 1951 in Alexandria, Egypt) was a Montenegrin princess.","(Christine Belford; hypernym; Television)","[7] [4]She appeared in guest roles on many popular television shows of the 1970s, 1980s, and 1990s, including Ironside, Banacek, Mannix, Barnaby Jones, Owen Marshall, Counselor at Law, The Six Million Dollar Man, CHiPs, Wonder Woman, Magnum, P.I., Hart to Hart, The Incredible Hulk, Family Ties, The Golden Girls, Blossom, Beverly Hills, 90210, Battlestar Galactica (specifically as one of the prison-barge inmates recruited to destroy ""The Gun On Ice Planet Zero""), The Paper Chase: The Television Series, My Two Dads, Night Court (specifically the 1992 episode ""Opportunity Knock Knocks,"" where she was credited as Christina Belford), Murder, She Wrote, Diagnosis: Murder and Quincy, Holding Pattern.She appeared in the episode ""Devil Pack"" from the 1977 series Quinn Martin's Tales of the Unexpected (known in the United Kingdom as Twist in the Tale),[8] as well as in various television films through the years.","","","yes","no","yes","yes","yes","yes","yes","yes","yes","yes"
"3MA5N0ATTC2WUER0M5I412A0A4MWKG","3H5KS3F36Q3FY5U4V08JTUCL83TZYQ","Indicate whether a given sentence expresses a given relation.","Given a sentence taken from a Wikipedia article, tell us whether or not that sentence expresses relation between the person the article is about and some other entity.","survey, relation extraction, Wikipedia","$0.15","Sun May 05 15:29:14 PDT 2019","3","BatchId:3631670;OriginalHitTemplateId:920937340;","1200","345600","Wed May 08 15:29:14 PDT 2019","","","37UQDCYH6YMY7UI434T1ZFIMQ94V7O","A2VLQ09XI2IIZ5","Submitted","Sun May 05 16:05:31 PDT 2019","Sun May 05 16:08:07 PDT 2019","Thu May 09 16:08:07 PDT 2019","","","","156","82% (23/28)","82% (23/28)","82% (23/28)","(James B. Donovan; spouse; Mary McKenna)","Tom Hanks plays the role of Donovan, with Amy Ryan as his wife, Mary.","(Alexis Denisof; hypernym; Actor)","[13] As of 2018, Denisof stars in I Love Bekka and Lucy as Glenn, and was nominated for a Primetime Emmy Award for Outstanding Actor in a Short Form Comedy or Drama Series, his first such nomination.","(Alexis Denisof; birthPlace; Salisbury, Maryland)","He also had a recurring role on How I Met Your Mother on which his wife, Alyson Hannigan, starred.Denisof was born in Salisbury, Maryland,[1] the son of Dr. Christiana Taylor and Gerald Denisof.","(S. D. Shibulal; birthPlace; India)","S. D. Shibulal (born 1 March 1955, in Alappuzha, India), better known as Shibulal, is an Indian business executive.","(Amanda Peet; birthPlace; New York)","Her featured role in the comedy The Whole Nine Yards (2000) brought her a much wider recognition,[1] and she has since appeared in a variety of films, including Something's Gotta Give (2003), Identity (2003), Syriana (2005), The X-Files: I Want to Believe (2008), 2012 (2009), and The Way, Way Back (2013).On television, Peet has starred in Jack & Jill (1999–2001), Togetherness (2015–2016), and Brockmire (2016–present).Peet was born in New York City, the daughter of Penny (née Levy), a social worker, and Charles Peet Jr., a corporate lawyer,[2][3] who later divorced.","(Marilyn Trenholme Counsell; birthPlace; Baie Verte, New Brunswick)","Counsell was a Canadian Senator and Lieutenant Governor of New Brunswick from 1997 to 2003.She was born in Baie Verte, New Brunswick, the daughter of Harry Frederick and Mildred (née Baxter) Trenholme.","(Patti LuPone; birthDate; April 21, 1949)","Patti Ann LuPone (born April 21, 1949) is an American actress and singer, best known for her work in stage musicals.","(Princess Milica of Montenegro; birthDate; July 14, 1866)","Princess Milica Petrović-Njegoš of Montenegro, also known as Grand Duchess Militza Nikolaevna of Russia, (14 July 1866 in Cetinje, Montenegro – 5 September 1951 in Alexandria, Egypt) was a Montenegrin princess.","(Christine Belford; hypernym; Television)","[7] [4]She appeared in guest roles on many popular television shows of the 1970s, 1980s, and 1990s, including Ironside, Banacek, Mannix, Barnaby Jones, Owen Marshall, Counselor at Law, The Six Million Dollar Man, CHiPs, Wonder Woman, Magnum, P.I., Hart to Hart, The Incredible Hulk, Family Ties, The Golden Girls, Blossom, Beverly Hills, 90210, Battlestar Galactica (specifically as one of the prison-barge inmates recruited to destroy ""The Gun On Ice Planet Zero""), The Paper Chase: The Television Series, My Two Dads, Night Court (specifically the 1992 episode ""Opportunity Knock Knocks,"" where she was credited as Christina Belford), Murder, She Wrote, Diagnosis: Murder and Quincy, Holding Pattern.She appeared in the episode ""Devil Pack"" from the 1977 series Quinn Martin's Tales of the Unexpected (known in the United Kingdom as Twist in the Tale),[8] as well as in various television films through the years.","","","yes","no","yes","yes","yes","yes","yes","yes","no","yes"
"3MA5N0ATTC2WUER0M5I412A0A4MWKG","3H5KS3F36Q3FY5U4V08JTUCL83TZYQ","Indicate whether a given sentence expresses a given relation.","Given a sentence taken from a Wikipedia article, tell us whether or not that sentence expresses relation between the person the article is about and some other entity.","survey, relation extraction, Wikipedia","$0.15","Sun May 05 15:29:14 PDT 2019","3","BatchId:3631670;OriginalHitTemplateId:920937340;","1200","345600","Wed May 08 15:29:14 PDT 2019","","","3PIWWX1FJKXI0UJCNO4FZHC1MHSJJT","A2VA0NCPWJ8XZG","Submitted","Sun May 05 15:38:19 PDT 2019","Sun May 05 15:40:21 PDT 2019","Thu May 09 15:40:21 PDT 2019","","","","122","0% (0/0)","0% (0/0)","0% (0/0)","(James B. Donovan; spouse; Mary McKenna)","Tom Hanks plays the role of Donovan, with Amy Ryan as his wife, Mary.","(Alexis Denisof; hypernym; Actor)","[13] As of 2018, Denisof stars in I Love Bekka and Lucy as Glenn, and was nominated for a Primetime Emmy Award for Outstanding Actor in a Short Form Comedy or Drama Series, his first such nomination.","(Alexis Denisof; birthPlace; Salisbury, Maryland)","He also had a recurring role on How I Met Your Mother on which his wife, Alyson Hannigan, starred.Denisof was born in Salisbury, Maryland,[1] the son of Dr. Christiana Taylor and Gerald Denisof.","(S. D. Shibulal; birthPlace; India)","S. D. Shibulal (born 1 March 1955, in Alappuzha, India), better known as Shibulal, is an Indian business executive.","(Amanda Peet; birthPlace; New York)","Her featured role in the comedy The Whole Nine Yards (2000) brought her a much wider recognition,[1] and she has since appeared in a variety of films, including Something's Gotta Give (2003), Identity (2003), Syriana (2005), The X-Files: I Want to Believe (2008), 2012 (2009), and The Way, Way Back (2013).On television, Peet has starred in Jack & Jill (1999–2001), Togetherness (2015–2016), and Brockmire (2016–present).Peet was born in New York City, the daughter of Penny (née Levy), a social worker, and Charles Peet Jr., a corporate lawyer,[2][3] who later divorced.","(Marilyn Trenholme Counsell; birthPlace; Baie Verte, New Brunswick)","Counsell was a Canadian Senator and Lieutenant Governor of New Brunswick from 1997 to 2003.She was born in Baie Verte, New Brunswick, the daughter of Harry Frederick and Mildred (née Baxter) Trenholme.","(Patti LuPone; birthDate; April 21, 1949)","Patti Ann LuPone (born April 21, 1949) is an American actress and singer, best known for her work in stage musicals.","(Princess Milica of Montenegro; birthDate; July 14, 1866)","Princess Milica Petrović-Njegoš of Montenegro, also known as Grand Duchess Militza Nikolaevna of Russia, (14 July 1866 in Cetinje, Montenegro – 5 September 1951 in Alexandria, Egypt) was a Montenegrin princess.","(Christine Belford; hypernym; Television)","[7] [4]She appeared in guest roles on many popular television shows of the 1970s, 1980s, and 1990s, including Ironside, Banacek, Mannix, Barnaby Jones, Owen Marshall, Counselor at Law, The Six Million Dollar Man, CHiPs, Wonder Woman, Magnum, P.I., Hart to Hart, The Incredible Hulk, Family Ties, The Golden Girls, Blossom, Beverly Hills, 90210, Battlestar Galactica (specifically as one of the prison-barge inmates recruited to destroy ""The Gun On Ice Planet Zero""), The Paper Chase: The Television Series, My Two Dads, Night Court (specifically the 1992 episode ""Opportunity Knock Knocks,"" where she was credited as Christina Belford), Murder, She Wrote, Diagnosis: Murder and Quincy, Holding Pattern.She appeared in the episode ""Devil Pack"" from the 1977 series Quinn Martin's Tales of the Unexpected (known in the United Kingdom as Twist in the Tale),[8] as well as in various television films through the years.","","","no","no","yes","yes","yes","yes","no","yes","yes","yes"
"30P8I9JKOICGX66SP892DB8465Q5VV","3H5KS3F36Q3FY5U4V08JTUCL83TZYQ","Indicate whether a given sentence expresses a given relation.","Given a sentence taken from a Wikipedia article, tell us whether or not that sentence expresses relation between the person the article is about and some other entity.","survey, relation extraction, Wikipedia","$0.15","Sun May 05 15:29:14 PDT 2019","3","BatchId:3631670;OriginalHitTemplateId:920937340;","1200","345600","Wed May 08 15:29:14 PDT 2019","","","31T4R4OBOT728LC4CNYW9NUX52OC76","A2VLQ09XI2IIZ5","Submitted","Sun May 05 16:03:28 PDT 2019","Sun May 05 16:05:31 PDT 2019","Thu May 09 16:05:31 PDT 2019","","","","123","82% (23/28)","82% (23/28)","82% (23/28)","(James B. Donovan; hypernym; Lawyer)","[21][23] In 1967, Donovan published his second book, Challenges: Reflections of a Lawyer-at-Large.James Gregory played Donovan in the 1976 TV movie Francis Gary Powers: The True Story of the U-2 Spy Incident, based on Powers' biography (written with Curt Gentry).","(Gale W. McGee; hypernym; Senator)","Johnson strongly considered appointing Senator McGee to be Ambassador to the UN after the resignation of Arthur Goldberg.","(Alexis Denisof; spouse; Alyson Hannigan)","[7]Denisof married past co-star Alyson Hannigan, who played Willow Rosenberg in Buffy the Vampire Slayer, on October 11, 2003.","(Gale W. McGee; hypernym; Senator)","Senator McGee died on April 9, 1992, in Washington, D.C.[30] He is buried in Oak Hill Cemetery.In January 2007, the Wyoming congressional delegation introduced federal legislation (H.R.","(S. D. Shibulal; birthPlace; India)","[7]Shibulal started his career in 1979, as a software engineer, with one of India's first software company and systems integrator, Patni Computer Systems.His Infosys journey began in 1981, when ""Infosys Consultants Pvt Ltd.""[8] was co-founded on 2 July 1981 by - N. R. Narayana Murthy, Nandan Nilekani, N. S. Raghavan, S. Gopalakrishnan, K. Dinesh, Ashok Arora, and Shibulal - after they resigned from Patni.","(Dana Rosemary Scallon; birthDate; August 30, 1951)","Dana Rosemary Scallon (born Rosemary Brown on 30 August 1951), known in her singing career as Dana, is an Irish singer and former politician who served as Member of the European Parliament from 1999 to 2004.While still a schoolgirl she won the 1970 Eurovision Song Contest with ""All Kinds of Everything"".","(Elizabeth Taylor; hypernym; Actress)","[34] Taylor received her third Academy Award nomination[30] and her first Golden Globe for Best Actress for her performance.","(Elizabeth Taylor; hypernym; Actress)","Although she disliked her role as a call girl in BUtterfield 8 (1960), her last film for MGM, she won the Academy Award for Best Actress for her performance.Taylor was paid a then-record-breaking $1 million to play the title role in the historical epic Cleopatra (1963), the most expensive film made up to that point.","(Dana Rosemary Scallon; hypernym; Singer)","At the end of the year Scallon collected two awards – Best Female Singer in Britain from the NME, and Best Female Singer from the TV Times.","(Shirley McKague; hypernym; Senator)","[6]McKague was appointed to the vacant Senate seat for District 20 caused by the resignation of Senator Gerry Sweet, took office early in 2007.In February 2012, McKague announced her retirement and endorsed fellow Republican Senator Chuck Winder;[11][12] redistricting had placed them both in the newly redrawn Senate District 20.","yes","yes","yes","yes","yes","no","yes","yes","yes","yes"
"30P8I9JKOICGX66SP892DB8465Q5VV","3H5KS3F36Q3FY5U4V08JTUCL83TZYQ","Indicate whether a given sentence expresses a given relation.","Given a sentence taken from a Wikipedia article, tell us whether or not that sentence expresses relation between the person the article is about and some other entity.","survey, relation extraction, Wikipedia","$0.15","Sun May 05 15:29:14 PDT 2019","3","BatchId:3631670;OriginalHitTemplateId:920937340;","1200","345600","Wed May 08 15:29:14 PDT 2019","","","34X6J5FLPUPZMHNPIEOOWION0CJQJQ","A2VA0NCPWJ8XZG","Submitted","Sun May 05 15:37:03 PDT 2019","Sun May 05 15:38:11 PDT 2019","Thu May 09 15:38:11 PDT 2019","","","","68","0% (0/0)","0% (0/0)","0% (0/0)","(James B. Donovan; hypernym; Lawyer)","[21][23] In 1967, Donovan published his second book, Challenges: Reflections of a Lawyer-at-Large.James Gregory played Donovan in the 1976 TV movie Francis Gary Powers: The True Story of the U-2 Spy Incident, based on Powers' biography (written with Curt Gentry).","(Gale W. McGee; hypernym; Senator)","Johnson strongly considered appointing Senator McGee to be Ambassador to the UN after the resignation of Arthur Goldberg.","(Alexis Denisof; spouse; Alyson Hannigan)","[7]Denisof married past co-star Alyson Hannigan, who played Willow Rosenberg in Buffy the Vampire Slayer, on October 11, 2003.","(Gale W. McGee; hypernym; Senator)","Senator McGee died on April 9, 1992, in Washington, D.C.[30] He is buried in Oak Hill Cemetery.In January 2007, the Wyoming congressional delegation introduced federal legislation (H.R.","(S. D. Shibulal; birthPlace; India)","[7]Shibulal started his career in 1979, as a software engineer, with one of India's first software company and systems integrator, Patni Computer Systems.His Infosys journey began in 1981, when ""Infosys Consultants Pvt Ltd.""[8] was co-founded on 2 July 1981 by - N. R. Narayana Murthy, Nandan Nilekani, N. S. Raghavan, S. Gopalakrishnan, K. Dinesh, Ashok Arora, and Shibulal - after they resigned from Patni.","(Dana Rosemary Scallon; birthDate; August 30, 1951)","Dana Rosemary Scallon (born Rosemary Brown on 30 August 1951), known in her singing career as Dana, is an Irish singer and former politician who served as Member of the European Parliament from 1999 to 2004.While still a schoolgirl she won the 1970 Eurovision Song Contest with ""All Kinds of Everything"".","(Elizabeth Taylor; hypernym; Actress)","[34] Taylor received her third Academy Award nomination[30] and her first Golden Globe for Best Actress for her performance.","(Elizabeth Taylor; hypernym; Actress)","Although she disliked her role as a call girl in BUtterfield 8 (1960), her last film for MGM, she won the Academy Award for Best Actress for her performance.Taylor was paid a then-record-breaking $1 million to play the title role in the historical epic Cleopatra (1963), the most expensive film made up to that point.","(Dana Rosemary Scallon; hypernym; Singer)","At the end of the year Scallon collected two awards – Best Female Singer in Britain from the NME, and Best Female Singer from the TV Times.","(Shirley McKague; hypernym; Senator)","[6]McKague was appointed to the vacant Senate seat for District 20 caused by the resignation of Senator Gerry Sweet, took office early in 2007.In February 2012, McKague announced her retirement and endorsed fellow Republican Senator Chuck Winder;[11][12] redistricting had placed them both in the newly redrawn Senate District 20.","yes","yes","yes","yes","yes","no","yes","yes","yes","yes"
"30P8I9JKOICGX66SP892DB8465Q5VV","3H5KS3F36Q3FY5U4V08JTUCL83TZYQ","Indicate whether a given sentence expresses a given relation.","Given a sentence taken from a Wikipedia article, tell us whether or not that sentence expresses relation between the person the article is about and some other entity.","survey, relation extraction, Wikipedia","$0.15","Sun May 05 15:29:14 PDT 2019","3","BatchId:3631670;OriginalHitTemplateId:920937340;","1200","345600","Wed May 08 15:29:14 PDT 2019","","","3QJOXOW4XKI0QM35CK6GITRQL3QEM6","A3H2F6RU26B01N","Submitted","Sun May 05 15:34:06 PDT 2019","Sun May 05 15:36:15 PDT 2019","Thu May 09 15:36:15 PDT 2019","","","","129","0% (0/0)","0% (0/0)","0% (0/0)","(James B. Donovan; hypernym; Lawyer)","[21][23] In 1967, Donovan published his second book, Challenges: Reflections of a Lawyer-at-Large.James Gregory played Donovan in the 1976 TV movie Francis Gary Powers: The True Story of the U-2 Spy Incident, based on Powers' biography (written with Curt Gentry).","(Gale W. McGee; hypernym; Senator)","Johnson strongly considered appointing Senator McGee to be Ambassador to the UN after the resignation of Arthur Goldberg.","(Alexis Denisof; spouse; Alyson Hannigan)","[7]Denisof married past co-star Alyson Hannigan, who played Willow Rosenberg in Buffy the Vampire Slayer, on October 11, 2003.","(Gale W. McGee; hypernym; Senator)","Senator McGee died on April 9, 1992, in Washington, D.C.[30] He is buried in Oak Hill Cemetery.In January 2007, the Wyoming congressional delegation introduced federal legislation (H.R.","(S. D. Shibulal; birthPlace; India)","[7]Shibulal started his career in 1979, as a software engineer, with one of India's first software company and systems integrator, Patni Computer Systems.His Infosys journey began in 1981, when ""Infosys Consultants Pvt Ltd.""[8] was co-founded on 2 July 1981 by - N. R. Narayana Murthy, Nandan Nilekani, N. S. Raghavan, S. Gopalakrishnan, K. Dinesh, Ashok Arora, and Shibulal - after they resigned from Patni.","(Dana Rosemary Scallon; birthDate; August 30, 1951)","Dana Rosemary Scallon (born Rosemary Brown on 30 August 1951), known in her singing career as Dana, is an Irish singer and former politician who served as Member of the European Parliament from 1999 to 2004.While still a schoolgirl she won the 1970 Eurovision Song Contest with ""All Kinds of Everything"".","(Elizabeth Taylor; hypernym; Actress)","[34] Taylor received her third Academy Award nomination[30] and her first Golden Globe for Best Actress for her performance.","(Elizabeth Taylor; hypernym; Actress)","Although she disliked her role as a call girl in BUtterfield 8 (1960), her last film for MGM, she won the Academy Award for Best Actress for her performance.Taylor was paid a then-record-breaking $1 million to play the title role in the historical epic Cleopatra (1963), the most expensive film made up to that point.","(Dana Rosemary Scallon; hypernym; Singer)","At the end of the year Scallon collected two awards – Best Female Singer in Britain from the NME, and Best Female Singer from the TV Times.","(Shirley McKague; hypernym; Senator)","[6]McKague was appointed to the vacant Senate seat for District 20 caused by the resignation of Senator Gerry Sweet, took office early in 2007.In February 2012, McKague announced her retirement and endorsed fellow Republican Senator Chuck Winder;[11][12] redistricting had placed them both in the newly redrawn Senate District 20.","yes","yes","yes","yes","yes","no","yes","yes","yes","yes"
"32PT7WK7DM6RPAJ2K4LFSS4DS2V3D4","3H5KS3F36Q3FY5U4V08JTUCL83TZYQ","Indicate whether a given sentence expresses a given relation.","Given a sentence taken from a Wikipedia article, tell us whether or not that sentence expresses relation between the person the article is about and some other entity.","survey, relation extraction, Wikipedia","$0.15","Sun May 05 15:29:14 PDT 2019","3","BatchId:3631670;OriginalHitTemplateId:920937340;","1200","345600","Wed May 08 15:29:14 PDT 2019","","","3WLEIWSYHP8M3SQES3V2ONA57E32HL","A3MBRQO3XAVTIV","Submitted","Sun May 05 15:41:23 PDT 2019","Sun May 05 15:42:51 PDT 2019","Thu May 09 15:42:51 PDT 2019","","","","88","0% (0/0)","0% (0/0)","0% (0/0)","(S. D. Shibulal; hypernym; Executive)","The 12-13 years after that constituted Infosys 2.0, developing the ability to supply services that allowed clients to become much more efficient and productive.”[10] As the Chief Executive Officer, Shibulal is focused on strengthening strategic partnerships with clients, increasing client relevance and evolving the company’s business model towards achieving Infosys’ aspirations of becoming the next generation global consulting and IT services corporation.","(Shashank Manohar; birthPlace; Maharashtra)","[50] Shashank's younger brother Sunil Manohar has also served as the Advocate General of Maharashtra.","(Alexis Denisof; birthDate; February 25, 1966)","Alexis Denisof (born February 25, 1966) is an American actor who is primarily known for playing Wesley Wyndam-Pryce in the television series Buffy the Vampire Slayer and its spin-off Angel.","(Johnathon Schaech; birthPlace; Edgewood, Maryland)","Johnathon Schaech (/ʃɛk/ SHEK; born September 10, 1969) is an American actor, writer and producer.Schaech was born in Edgewood, Maryland, in 1969 to Joe, a Baltimore City law enforcement officer, and Joanne Schaech, a human resources executive.","(Shashank Manohar; hypernym; Lawyer)","[42]Shashank Manohar comes from a ""formidable & well-known"" family of Lawyers.","(Princess Milica of Montenegro; birthPlace; Cetinje)","Princess Milica Petrović-Njegoš of Montenegro, also known as Grand Duchess Militza Nikolaevna of Russia, (14 July 1866 in Cetinje, Montenegro – 5 September 1951 in Alexandria, Egypt) was a Montenegrin princess.","(Amanda Peet; birthPlace; New York)","[3]At age seven, Peet relocated with her family to London, returning to New York four years later.","(Patti LuPone; spouse; Matthew Johnston)","[85][86]LuPone is married to Matthew Johnston.","(Princess Milica of Montenegro; spouse; Grand Duke Peter Nikolaevich of Russia)","Princess Milica Petrović-Njegoš of Montenegro, also known as Grand Duchess Militza Nikolaevna of Russia, (14 July 1866 in Cetinje, Montenegro – 5 September 1951 in Alexandria, Egypt) was a Montenegrin princess.","","","yes","no","no","yes","yes","no","yes","no","yes","no"
"32PT7WK7DM6RPAJ2K4LFSS4DS2V3D4","3H5KS3F36Q3FY5U4V08JTUCL83TZYQ","Indicate whether a given sentence expresses a given relation.","Given a sentence taken from a Wikipedia article, tell us whether or not that sentence expresses relation between the person the article is about and some other entity.","survey, relation extraction, Wikipedia","$0.15","Sun May 05 15:29:14 PDT 2019","3","BatchId:3631670;OriginalHitTemplateId:920937340;","1200","345600","Wed May 08 15:29:14 PDT 2019","","","3Y9N9SS8LZ2UCUHVA7QHGC0ZL08D3W","A2VA0NCPWJ8XZG","Submitted","Sun May 05 15:31:31 PDT 2019","Sun May 05 15:32:28 PDT 2019","Thu May 09 15:32:28 PDT 2019","","","","57","0% (0/0)","0% (0/0)","0% (0/0)","(S. D. Shibulal; hypernym; Executive)","The 12-13 years after that constituted Infosys 2.0, developing the ability to supply services that allowed clients to become much more efficient and productive.”[10] As the Chief Executive Officer, Shibulal is focused on strengthening strategic partnerships with clients, increasing client relevance and evolving the company’s business model towards achieving Infosys’ aspirations of becoming the next generation global consulting and IT services corporation.","(Shashank Manohar; birthPlace; Maharashtra)","[50] Shashank's younger brother Sunil Manohar has also served as the Advocate General of Maharashtra.","(Alexis Denisof; birthDate; February 25, 1966)","Alexis Denisof (born February 25, 1966) is an American actor who is primarily known for playing Wesley Wyndam-Pryce in the television series Buffy the Vampire Slayer and its spin-off Angel.","(Johnathon Schaech; birthPlace; Edgewood, Maryland)","Johnathon Schaech (/ʃɛk/ SHEK; born September 10, 1969) is an American actor, writer and producer.Schaech was born in Edgewood, Maryland, in 1969 to Joe, a Baltimore City law enforcement officer, and Joanne Schaech, a human resources executive.","(Shashank Manohar; hypernym; Lawyer)","[42]Shashank Manohar comes from a ""formidable & well-known"" family of Lawyers.","(Princess Milica of Montenegro; birthPlace; Cetinje)","Princess Milica Petrović-Njegoš of Montenegro, also known as Grand Duchess Militza Nikolaevna of Russia, (14 July 1866 in Cetinje, Montenegro – 5 September 1951 in Alexandria, Egypt) was a Montenegrin princess.","(Amanda Peet; birthPlace; New York)","[3]At age seven, Peet relocated with her family to London, returning to New York four years later.","(Patti LuPone; spouse; Matthew Johnston)","[85][86]LuPone is married to Matthew Johnston.","(Princess Milica of Montenegro; spouse; Grand Duke Peter Nikolaevich of Russia)","Princess Milica Petrović-Njegoš of Montenegro, also known as Grand Duchess Militza Nikolaevna of Russia, (14 July 1866 in Cetinje, Montenegro – 5 September 1951 in Alexandria, Egypt) was a Montenegrin princess.","","","yes","no","no","yes","yes","no","yes","no","yes","no"
"32PT7WK7DM6RPAJ2K4LFSS4DS2V3D4","3H5KS3F36Q3FY5U4V08JTUCL83TZYQ","Indicate whether a given sentence expresses a given relation.","Given a sentence taken from a Wikipedia article, tell us whether or not that sentence expresses relation between the person the article is about and some other entity.","survey, relation extraction, Wikipedia","$0.15","Sun May 05 15:29:14 PDT 2019","3","BatchId:3631670;OriginalHitTemplateId:920937340;","1200","345600","Wed May 08 15:29:14 PDT 2019","","","3ZGVPD4G6U82ECKLH4L5PHN03HVTZS","A2J104R4KC2IFP","Submitted","Sun May 05 15:33:31 PDT 2019","Sun May 05 15:36:46 PDT 2019","Thu May 09 15:36:46 PDT 2019","","","","195","0% (0/1)","0% (0/1)","0% (0/1)","(S. D. Shibulal; hypernym; Executive)","The 12-13 years after that constituted Infosys 2.0, developing the ability to supply services that allowed clients to become much more efficient and productive.”[10] As the Chief Executive Officer, Shibulal is focused on strengthening strategic partnerships with clients, increasing client relevance and evolving the company’s business model towards achieving Infosys’ aspirations of becoming the next generation global consulting and IT services corporation.","(Shashank Manohar; birthPlace; Maharashtra)","[50] Shashank's younger brother Sunil Manohar has also served as the Advocate General of Maharashtra.","(Alexis Denisof; birthDate; February 25, 1966)","Alexis Denisof (born February 25, 1966) is an American actor who is primarily known for playing Wesley Wyndam-Pryce in the television series Buffy the Vampire Slayer and its spin-off Angel.","(Johnathon Schaech; birthPlace; Edgewood, Maryland)","Johnathon Schaech (/ʃɛk/ SHEK; born September 10, 1969) is an American actor, writer and producer.Schaech was born in Edgewood, Maryland, in 1969 to Joe, a Baltimore City law enforcement officer, and Joanne Schaech, a human resources executive.","(Shashank Manohar; hypernym; Lawyer)","[42]Shashank Manohar comes from a ""formidable & well-known"" family of Lawyers.","(Princess Milica of Montenegro; birthPlace; Cetinje)","Princess Milica Petrović-Njegoš of Montenegro, also known as Grand Duchess Militza Nikolaevna of Russia, (14 July 1866 in Cetinje, Montenegro – 5 September 1951 in Alexandria, Egypt) was a Montenegrin princess.","(Amanda Peet; birthPlace; New York)","[3]At age seven, Peet relocated with her family to London, returning to New York four years later.","(Patti LuPone; spouse; Matthew Johnston)","[85][86]LuPone is married to Matthew Johnston.","(Princess Milica of Montenegro; spouse; Grand Duke Peter Nikolaevich of Russia)","Princess Milica Petrović-Njegoš of Montenegro, also known as Grand Duchess Militza Nikolaevna of Russia, (14 July 1866 in Cetinje, Montenegro – 5 September 1951 in Alexandria, Egypt) was a Montenegrin princess.","","","yes","no","yes","yes","yes","yes","yes","no","yes","yes"